<collection xmlns="http://exist.sourceforge.net/NS/exist" name="/db/apps/itunes/modules" owner="admin" group="dba" mode="775" created="2014-11-30T22:15:44Z" version="1">
    <acl entries="0" version="1"/>
    <resource type="BinaryResource" name="app.xql" owner="admin" group="dba" mode="775" created="2014-11-30T22:15:44Z" modified="2014-12-07T16:42:39Z" filename="app.xql" mimetype="application/xquery">
        <acl entries="0" version="1"/>
    </resource>
    <resource type="BinaryResource" name="view.xql" owner="admin" group="dba" mode="775" created="2014-11-30T22:15:44Z" modified="2014-11-30T22:15:45Z" filename="view.xql" mimetype="application/xquery">
        <acl entries="0" version="1"/>
    </resource>
    <resource type="BinaryResource" name="config.xqm" owner="admin" group="dba" mode="775" created="2014-11-30T22:15:44Z" modified="2014-11-30T22:15:45Z" filename="config.xqm" mimetype="application/xquery">
        <acl entries="0" version="1"/>
    </resource>
</collection>