<collection xmlns="http://exist.sourceforge.net/NS/exist" name="/db/apps/itunes" owner="admin" group="dba" mode="775" created="2014-11-30T22:15:44Z" version="1">
    <acl entries="0" version="1"/>
    <resource type="XMLResource" name="collection.xconf" owner="admin" group="dba" mode="664" created="2014-11-30T22:15:44Z" modified="2014-11-30T22:15:45Z" filename="collection.xconf" mimetype="application/xml">
        <acl entries="0" version="1"/>
    </resource>
    <resource type="BinaryResource" name="controller.xql" owner="admin" group="dba" mode="775" created="2014-11-30T22:15:44Z" modified="2014-12-01T01:34:07Z" filename="controller.xql" mimetype="application/xquery">
        <acl entries="0" version="1"/>
    </resource>
    <resource type="XMLResource" name="wrong_credentials.html" owner="admin" group="dba" mode="644" created="2014-12-06T18:38:35Z" modified="2014-12-06T18:38:35Z" filename="wrong_credentials.html" mimetype="text/html">
        <acl entries="0" version="1"/>
    </resource>
    <resource type="XMLResource" name="user_settings.html" owner="admin" group="dba" mode="644" created="2014-12-07T16:49:55Z" modified="2014-12-07T17:35:25Z" filename="user_settings.html" mimetype="text/html">
        <acl entries="0" version="1"/>
    </resource>
    <resource type="BinaryResource" name="login.xql" owner="admin" group="dba" mode="777" created="2014-12-01T00:35:31Z" modified="2014-12-06T22:44:19Z" filename="login.xql" mimetype="application/xquery">
        <acl entries="0" version="1"/>
    </resource>
    <resource type="BinaryResource" name="main.xql" owner="admin" group="dba" mode="755" created="2014-12-06T21:51:18Z" modified="2014-12-06T22:45:53Z" filename="main.xql" mimetype="application/xquery">
        <acl entries="0" version="1"/>
    </resource>
    <resource type="XMLResource" name="expath-pkg.xml" owner="admin" group="dba" mode="664" created="2014-11-30T22:15:44Z" modified="2014-11-30T22:15:45Z" filename="expath-pkg.xml" mimetype="application/xml">
        <acl entries="0" version="1"/>
    </resource>
    <resource type="XMLResource" name="password_not_match.html" owner="admin" group="dba" mode="644" created="2014-12-06T18:43:08Z" modified="2014-12-06T18:43:08Z" filename="password_not_match.html" mimetype="text/html">
        <acl entries="0" version="1"/>
    </resource>
    <resource type="XMLResource" name="build.xml" owner="admin" group="dba" mode="644" created="2014-11-30T22:15:44Z" modified="2014-11-30T22:15:45Z" filename="build.xml" mimetype="application/xml">
        <acl entries="0" version="1"/>
    </resource>
    <resource type="XMLResource" name="main.html" owner="admin" group="dba" mode="644" created="2014-12-01T02:02:38Z" modified="2014-12-07T16:51:06Z" filename="main.html" mimetype="text/html">
        <acl entries="0" version="1"/>
    </resource>
    <resource type="XMLResource" name="error-page.html" owner="admin" group="dba" mode="664" created="2014-11-30T22:15:44Z" modified="2014-11-30T22:15:45Z" filename="error-page.html" mimetype="text/html">
        <acl entries="0" version="1"/>
    </resource>
    <resource type="XMLResource" name="index.html" owner="admin" group="dba" mode="664" created="2014-11-30T22:15:44Z" modified="2014-12-01T01:48:45Z" filename="index.html" mimetype="text/html">
        <acl entries="0" version="1"/>
    </resource>
    <resource type="BinaryResource" name="register.xql" owner="admin" group="dba" mode="755" created="2014-12-06T16:32:23Z" modified="2014-12-07T16:12:49Z" filename="register.xql" mimetype="application/xquery">
        <acl entries="0" version="1"/>
    </resource>
    <resource type="BinaryResource" name="pre-install.xql" owner="admin" group="dba" mode="775" created="2014-11-30T22:15:44Z" modified="2014-11-30T22:15:45Z" filename="pre-install.xql" mimetype="application/xquery">
        <acl entries="0" version="1"/>
    </resource>
    <resource type="XMLResource" name="register.html" owner="admin" group="dba" mode="644" created="2014-12-06T15:32:28Z" modified="2014-12-07T17:09:50Z" filename="register.html" mimetype="text/html">
        <acl entries="0" version="1"/>
    </resource>
    <resource type="BinaryResource" name="user_settings.xql" owner="admin" group="dba" mode="755" created="2014-12-07T16:50:11Z" modified="2014-12-07T17:39:24Z" filename="user_settings.xql" mimetype="application/xquery">
        <acl entries="0" version="1"/>
    </resource>
    <resource type="XMLResource" name="user_not_exists.html" owner="admin" group="dba" mode="644" created="2014-12-06T18:27:16Z" modified="2014-12-06T18:32:31Z" filename="user_not_exists.html" mimetype="text/html">
        <acl entries="0" version="1"/>
    </resource>
    <resource type="XMLResource" name="repo.xml" owner="admin" group="dba" mode="664" created="2014-11-30T22:15:44Z" modified="2014-11-30T22:15:45Z" filename="repo.xml" mimetype="text/xml">
        <acl entries="0" version="1"/>
    </resource>
    <resource type="XMLResource" name="user_alredy_exists.html" owner="admin" group="dba" mode="644" created="2014-12-06T18:33:38Z" modified="2014-12-06T18:43:15Z" filename="user_alredy_exists.html" mimetype="text/html">
        <acl entries="0" version="1"/>
    </resource>
    <subcollection name="templates" filename="templates"/>
    <subcollection name="data" filename="data"/>
    <subcollection name="modules" filename="modules"/>
    <subcollection name="resources" filename="resources"/>
</collection>